Workbook

Sheet Regional_Revenue_Data
A1: Year | B1: Region | C1: Revenue_USD_Thousands | D1: Paid_Memberships_Thousands | E1: Subscriber_Count_Type | F1: ARM_USD_Monthly | G1: Revenue_Share_Pct | H1: Source
A2: 2020 | B2: UCAN | C2: 11455396 | D2: 73936 | E2: Reported | F2: =C2/D2/12 -> 12.911387 | G2: =C2/SUMIFS($C$2:$C$25,$A$2:$A$25,A2) -> 0.46271949 | H2: Netflix 10-K / ARS filings (SEC EDGAR); 2023 UCAN & EMEA memberships and all 2025 regional memberships are estimated — see Notes_and_Assumptions
A3: 2020 | B3: EMEA | C3: 7772252 | D3: 66698 | E3: Reported | F3: =C3/D3/12 -> 9.7107509 | G3: =C3/SUMIFS($C$2:$C$25,$A$2:$A$25,A3) -> 0.31394571 | H3: Netflix 10-K / ARS filings (SEC EDGAR); 2023 UCAN & EMEA memberships and all 2025 regional memberships are estimated — see Notes_and_Assumptions
A4: 2020 | B4: LATAM | C4: 3156727 | D4: 37537 | E4: Reported | F4: =C4/D4/12 -> 7.0080343 | G4: =C4/SUMIFS($C$2:$C$25,$A$2:$A$25,A4) -> 0.12751014 | H4: Netflix 10-K / ARS filings (SEC EDGAR); 2023 UCAN & EMEA memberships and all 2025 regional memberships are estimated — see Notes_and_Assumptions
A5: 2020 | B5: APAC | C5: 2372300 | D5: 25492 | E5: Reported | F5: =C5/D5/12 -> 7.7550473 | G5: =C5/SUMIFS($C$2:$C$25,$A$2:$A$25,A5) -> 0.095824661 | H5: Netflix 10-K / ARS filings (SEC EDGAR); 2023 UCAN & EMEA memberships and all 2025 regional memberships are estimated — see Notes_and_Assumptions
A6: 2021 | B6: UCAN | C6: 12972100 | D6: 75215 | E6: Reported | F6: =C6/D6/12 -> 14.372244 | G6: =C6/SUMIFS($C$2:$C$25,$A$2:$A$25,A6) -> 0.43950134 | H6: Netflix 10-K / ARS filings (SEC EDGAR); 2023 UCAN & EMEA memberships and all 2025 regional memberships are estimated — see Notes_and_Assumptions
A7: 2021 | B7: EMEA | C7: 9699819 | D7: 74036 | E7: Reported | F7: =C7/D7/12 -> 10.917908 | G7: =C7/SUMIFS($C$2:$C$25,$A$2:$A$25,A7) -> 0.3286348 | H7: Netflix 10-K / ARS filings (SEC EDGAR); 2023 UCAN & EMEA memberships and all 2025 regional memberships are estimated — see Notes_and_Assumptions
A8: 2021 | B8: LATAM | C8: 3576976 | D8: 39961 | E8: Reported | F8: =C8/D8/12 -> 7.4593062 | G8: =C8/SUMIFS($C$2:$C$25,$A$2:$A$25,A8) -> 0.12118976 | H8: Netflix 10-K / ARS filings (SEC EDGAR); 2023 UCAN & EMEA memberships and all 2025 regional memberships are estimated — see Notes_and_Assumptions
A9: 2021 | B9: APAC | C9: 3266601 | D9: 32632 | E9: Reported | F9: =C9/D9/12 -> 8.3420186 | G9: =C9/SUMIFS($C$2:$C$25,$A$2:$A$25,A9) -> 0.1106741 | H9: Netflix 10-K / ARS filings (SEC EDGAR); 2023 UCAN & EMEA memberships and all 2025 regional memberships are estimated — see Notes_and_Assumptions
A10: 2022 | B10: UCAN | C10: 14084643 | D10: 74296 | E10: Reported | F10: =C10/D10/12 -> 15.797893 | G10: =C10/SUMIFS($C$2:$C$25,$A$2:$A$25,A10) -> 0.44755987 | H10: Netflix 10-K / ARS filings (SEC EDGAR); 2023 UCAN & EMEA memberships and all 2025 regional memberships are estimated — see Notes_and_Assumptions
A11: 2022 | B11: EMEA | C11: 9745015 | D11: 76729 | E11: Reported | F11: =C11/D11/12 -> 10.583803 | G11: =C11/SUMIFS($C$2:$C$25,$A$2:$A$25,A11) -> 0.30966193 | H11: Netflix 10-K / ARS filings (SEC EDGAR); 2023 UCAN & EMEA memberships and all 2025 regional memberships are estimated — see Notes_and_Assumptions
A12: 2022 | B12: LATAM | C12: 4069973 | D12: 41699 | E12: Reported | F12: =C12/D12/12 -> 8.1336343 | G12: =C12/SUMIFS($C$2:$C$25,$A$2:$A$25,A12) -> 0.12932927 | H12: Netflix 10-K / ARS filings (SEC EDGAR); 2023 UCAN & EMEA memberships and all 2025 regional memberships are estimated — see Notes_and_Assumptions
A13: 2022 | B13: APAC | C13: 3570221 | D13: 38023 | E13: Reported | F13: =C13/D13/12 -> 7.824696 | G13: =C13/SUMIFS($C$2:$C$25,$A$2:$A$25,A13) -> 0.11344893 | H13: Netflix 10-K / ARS filings (SEC EDGAR); 2023 UCAN & EMEA memberships and all 2025 regional memberships are estimated — see Notes_and_Assumptions
... A25: 2025 | B25: APAC | C25: 5353717 | D25: 61800 | E25: Estimated | F25: =C25/D25/12 -> 7.2191437 | G25: =C25/SUMIFS($C$2:$C$25,$A$2:$A$25,A25) -> 0.11848954 | H25: Netflix 10-K / ARS filings (SEC EDGAR); 2023 UCAN & EMEA memberships and all 2025 regional memberships are estimated — see Notes_and_Assumptions

Sheet Global_Summary
A1: Year | B1: Total_Revenue_USD_Thousands | C1: YoY_Growth_Pct | D1: Total_Paid_Memberships_Thousands | E1: Global_ARM_USD_Monthly
A2: 2020 | B2: =SUMIFS(Regional_Revenue_Data!$C$2:$C$25,Regional_Revenue_Data!$A$2:$A$25,A2) -> 24756675 | C2: N/A | D2: =SUMIFS(Regional_Revenue_Data!$D$2:$D$25,Regional_Revenue_Data!$A$2:$A$25,A2) -> 203663 | E2: =B2/D2/12 -> 10.129755
A3: 2021 | B3: =SUMIFS(Regional_Revenue_Data!$C$2:$C$25,Regional_Revenue_Data!$A$2:$A$25,A3) -> 29515496 | C3: =B3/B2-1 -> 0.19222375 | D3: =SUMIFS(Regional_Revenue_Data!$D$2:$D$25,Regional_Revenue_Data!$A$2:$A$25,A3) -> 221844 | E3: =B3/D3/12 -> 11.087181
A4: 2022 | B4: =SUMIFS(Regional_Revenue_Data!$C$2:$C$25,Regional_Revenue_Data!$A$2:$A$25,A4) -> 31469852 | C4: =B4/B3-1 -> 0.066214574 | D4: =SUMIFS(Regional_Revenue_Data!$D$2:$D$25,Regional_Revenue_Data!$A$2:$A$25,A4) -> 230747 | E4: =B4/D4/12 -> 11.365208
A5: 2023 | B5: =SUMIFS(Regional_Revenue_Data!$C$2:$C$25,Regional_Revenue_Data!$A$2:$A$25,A5) -> 33640458 | C5: =B5/B4-1 -> 0.068974141 | D5: =SUMIFS(Regional_Revenue_Data!$D$2:$D$25,Regional_Revenue_Data!$A$2:$A$25,A5) -> 260215 | E5: =B5/D5/12 -> 10.773289
A6: 2024 | B6: =SUMIFS(Regional_Revenue_Data!$C$2:$C$25,Regional_Revenue_Data!$A$2:$A$25,A6) -> 39000966 | C6: =B6/B5-1 -> 0.15934706 | D6: =SUMIFS(Regional_Revenue_Data!$D$2:$D$25,Regional_Revenue_Data!$A$2:$A$25,A6) -> 301500 | E6: =B6/D6/12 -> 10.779703
A7: 2025 | B7: =SUMIFS(Regional_Revenue_Data!$C$2:$C$25,Regional_Revenue_Data!$A$2:$A$25,A7) -> 45183036 | C7: =B7/B6-1 -> 0.15851069 | D7: =SUMIFS(Regional_Revenue_Data!$D$2:$D$25,Regional_Revenue_Data!$A$2:$A$25,A7) -> 325000 | E7: =B7/D7/12 -> 11.585394

Sheet Notes_and_Assumptions
A1: NETFLIX ANNUAL SUBSCRIPTION REVENUE MODEL — DATA NOTES
A3: 1. SOURCE: All 'Reported' figures are Netflix's own audited regional segment disclosures (Form 10-K and Annual Report to Shareholders, filed with the U.S. SEC — sec.gov/edgar, CIK 0001065280).
A5: 2. REGIONS: Netflix reports four geographic segments — United States & Canada (UCAN), Europe/Middle East/Africa (EMEA), Latin America (LATAM), Asia-Pacific (APAC).
A7: 3. ARM (Average Revenue per Membership): calculated as regional annual revenue divided by regional paid memberships at year end, divided by 12 months. This mirrors Netflix's own published ARM methodology through FY2024.
A9: 4. ESTIMATES — read before citing as fact:
A10: - 2023 UCAN and EMEA memberships: Netflix's FY2023 10-K did not break out exact regional membership counts in the same table as revenue for these two regions in the source material used here. Values were derived from Netflix's disclosed regional YoY subscriber growth rates (UCAN +7.8%, EMEA +15.7% in 2023) applied to the confirmed FY2022 base. LATAM and APAC 2023 figures ARE directly reported (45,997K and 45,338K respectively).
A11: - 2025 regional memberships: Netflix stopped disclosing a full regional membership/ARM breakdown starting with its Q1 2025 shareholder letter (it still reports total global subscribers). The 2025 regional splits here are estimated by applying each region's most recent observed growth trajectory to the FY2024 base, scaled so regions sum to Netflix's confirmed FY2025 total of ~325 million paid members. Treat 2025 regional ARM as directional, not exact.
A13: 5. All revenue figures are in USD thousands, consistent with Netflix's own filing convention.
A15: 6. Recommended citation in your report/dashboard: 'Netflix, Inc. Form 10-K and Annual Report to Shareholders, various years, U.S. Securities and Exchange Commission (sec.gov/edgar). 2023 UCAN/EMEA and all 2025 regional subscriber splits are analyst estimates.'
